{
    "blacklist": {
        "BTCUSDT": {
            "banned_until": 1768593108.2070317,
            "reason": "2 Consecutive Losses"
        },
        "BNBUSDT": {
            "banned_until": 1768597319.5356038,
            "reason": "2 Consecutive Losses"
        }
    },
    "loss_tracker": {
        "BTCUSDT": {
            "losses": 2,
            "last_loss": 1768420308.2031312
        },
        "BNBUSDT": {
            "losses": 2,
            "last_loss": 1768424519.531612
        },
        "ETHUSDT": {
            "losses": 1,
            "last_loss": 1768421815.3735082
        }
    }
}