{
    "wins": 0,
    "losses": 5,
    "total_trades": 5,
    "total_pnl_usdt": -0.04181012246540882,
    "max_drawdown_usdt": 0.0,
    "best_win_usdt": 0.0,
    "start_date": "2026-01-14T12:26:33.576316"
}